{"is_source_file": true, "format": "Python", "description": "This file sets up a FastAPI web application with CORS middleware and a basic health check endpoint.", "external_files": ["fastapi", "fastapi.middleware.cors"], "external_methods": ["FastAPI", "CORSMiddleware"], "published": ["app"], "classes": [], "methods": [{"name": "health_check()", "description": "A GET endpoint that returns a health status message.", "scope": "", "scopeKind": ""}], "calls": ["FastAPI()", "app.add_middleware", "CORSMiddleware", "app.get"], "search-terms": ["FastAPI", "CORS", "health check", "CORS middleware setup", "backend src api"], "state": 2, "file_id": 4, "knowledge_revision": 9, "git_revision": "cc5f6dc1d2e7a2aa0a20fc890587ddfa859c0591", "ctags": [{"_type": "tag", "name": "app", "path": "/home/kavia/workspace/code-generation/responsive-chatbot-interface-229936-229946/backend/src/api/main.py", "pattern": "/^app = FastAPI()$/", "language": "Python", "kind": "variable"}, {"_type": "tag", "name": "health_check", "path": "/home/kavia/workspace/code-generation/responsive-chatbot-interface-229936-229946/backend/src/api/main.py", "pattern": "/^def health_check():$/", "language": "Python", "kind": "function", "signature": "()"}], "hash": "58352bf5f133908bab16643199aa483d", "format-version": 4, "code-base-name": "backend", "filename": "backend/src/api/main.py", "fields": [{"name": "app = FastAPI()", "scope": "", "scopeKind": "", "description": "unavailable"}], "revision_history": [{"9": "cc5f6dc1d2e7a2aa0a20fc890587ddfa859c0591"}]}