{"is_source_file": true, "format": "Python", "description": "This file generates and writes the OpenAPI schema to a JSON file. It imports the main application object, invokes its openapi method, and saves the resulting schema.", "external_files": ["src/api/main"], "external_methods": ["app.openapi"], "published": [], "classes": [], "methods": [], "calls": ["json.dump", "os.makedirs", "os.path.join", "open"], "search-terms": ["generate_openapi", "openapi_schema", "write openapi"], "state": 2, "file_id": 2, "knowledge_revision": 8, "git_revision": "cc5f6dc1d2e7a2aa0a20fc890587ddfa859c0591", "ctags": [{"_type": "tag", "name": "openapi_schema", "path": "/home/kavia/workspace/code-generation/responsive-chatbot-interface-229936-229946/backend/src/api/generate_openapi.py", "pattern": "/^openapi_schema = app.openapi()$/", "language": "Python", "kind": "variable"}, {"_type": "tag", "name": "output_dir", "path": "/home/kavia/workspace/code-generation/responsive-chatbot-interface-229936-229946/backend/src/api/generate_openapi.py", "pattern": "/^output_dir = \"interfaces\"$/", "language": "Python", "kind": "variable"}, {"_type": "tag", "name": "output_path", "path": "/home/kavia/workspace/code-generation/responsive-chatbot-interface-229936-229946/backend/src/api/generate_openapi.py", "pattern": "/^output_path = os.path.join(output_dir, \"openapi.json\")$/", "language": "Python", "kind": "variable"}], "hash": "61e3715e79bc397fab3e70f503a41417", "format-version": 4, "code-base-name": "backend", "filename": "backend/src/api/generate_openapi.py", "fields": [{"name": "openapi_schema = app.openapi()", "scope": "", "scopeKind": "", "description": "unavailable"}, {"name": "output_dir = \"interfaces\"", "scope": "", "scopeKind": "", "description": "unavailable"}, {"name": "output_path = os.path.join(output_dir, \"openapi.json\")", "scope": "", "scopeKind": "", "description": "unavailable"}], "revision_history": [{"8": "cc5f6dc1d2e7a2aa0a20fc890587ddfa859c0591"}]}